Snowing in Texas https://t.co/0LKwIpnoPB,Interesting ‚Ä¶ https://t.co/z8sqqPt48q,"Docs make good points 
https://t.co/WeXuZpMghY",SN4 passed ambient pressure test https://t.co/XW55rh6nX7,So often true ü§£ü§£ https://t.co/qxmDtZ4Buf,Mythic Quest is ü§£ü§£ MTTD,Great questions from Hack Club! https://t.co/vRgaeErdvl,"The Machine Stops
https://t.co/zFWfR7IEcT",Welcome @hiromichimizuno to the Tesla board! Honored to have you.,Starship SN4 tank on test stand https://t.co/zN2OmMp1OS,Silver lining is that mortality rate is much lower than predicted &amp; herd immunity much higher. Good news. https://t.co/brlQk5XDBf,"In advance of this, please try to hack Starlink &amp; Tesla Mothership! https://t.co/msdv8Dq2BN",There are now 420 operational Starlink satellites üõ∞ üòâ,Best political platform ever https://t.co/CRbNFdQj4B,Orbital human spaceflight returns to the Cape in six weeks! https://t.co/pH52N1KyoX,"Good progress, but 18 years to launch our first humans is a long time. Technology must advance faster or there will be no city on the red planet in our lifetime. https://t.co/uzSpZFFemI https://t.co/IsICexqxtV",Partial list of hospitals to which Tesla sent ventilators https://t.co/sfI6yuUbrM,‚ÄúDon‚Äôt jump to intubation.‚Äù ‚Äî Dr Caputo https://t.co/LtpsVqoZVf,"Giga Berlin will have world‚Äôs most advanced paint shop, with more layers of stunning colors that subtly change with curvature","While others party, he study the blade https://t.co/FBxEdIJ78M","Happy Easter!
Follow the üêá",Turns out that gun is for the toilet paper https://t.co/C1aAy0YZRi,But actually https://t.co/jlowaHobXO,Great differences in technology exist in the world about which even hardcore technologists are unaware,The 20th &amp; final Dragon 1 mission is complete https://t.co/TyLLHA58Bw,Here you go https://t.co/hjIs5fbBoy https://t.co/aVnwR0loX9,Starship fuel header tank https://t.co/CVj8057CY6,Music is a limbic resonator,So proud https://t.co/Me5HirnJ6N,Raptors https://t.co/oycjgNI8HE,"Press any key to continue
https://t.co/gFnlYoUGdy",u r o k,"We have extra FDA-approved ventilators. Will ship to hospitals worldwide within Tesla delivery regions. Device &amp; shipping cost are free. Only requirement is that the vents are needed immediately for patients, not stored in a warehouse. Please me or @Tesla know.","Hello from the Inside
https://t.co/SV3fWL3bkp",Logarithm graphs coming soon https://t.co/Fc81TDSQgc,"Would be great to combine blood donations with a C19 antibody test, so you know if you‚Äôre immune. Refill blood banks &amp; give donors peace of mind. https://t.co/hnPpFzzuA9",SN3 https://t.co/bM1wzzd4Zg,.@Apple pls fix awetoekreqt,Just had a long engineering discussion with Medtronic about state-of-the-art ventilators. Very impressive team!,No new domestic corona cases in China https://t.co/lGmxRvMyFy,Abysmal autocorrect might be the #1 reason people don‚Äôt fear AI,Fear the memesphere,Maybe worth considering chloroquine for C19 https://t.co/LEYob7Jofr,Fear is the mind-killer,We should be excited about the future &amp; striving to go beyond the horizon!,"Moral condemnation used not for morality, but as a weapon for manipulation is messed up",https://t.co/IXSO7Ko4z7,"To those who quietly help advance the causes we mutually believe in, knowing advancing the cause is the only reward: thank you",Scouting locations for Cybertruck Gigafactory. Will be central USA.,Tesla should have a mega rave cave under the Berlin Gigafatory,Coachella should postpone itself until it stops sucking,"Congratulations Tesla team on making our 1,000,000th car!! https://t.co/5M99a9LLQi",Accurate https://t.co/IskXipRvdf,Envelope expanded https://t.co/WIuWUTAAnh,Rocket will land in highest winds ever at Cape Canaveral tonight. This is intentional envelope expansion.,Final Dragon Version 1 mission tonight https://t.co/usYursGqPk,The coronavirus panic is dumb,Mad respect for the makers of things,Bernie‚Äôs tax rate is 0.2% too high! https://t.co/ESAqAYl9xB,Sleeving SN2 dome in the high bay https://t.co/zdRuOgd8xz,Dogs rock https://t.co/vLJGyZo5Sx,‚úåÔ∏è bro https://t.co/nJ7CUyhr2j,Just want say that I support @Jack as Twitter CEO. He has a good ‚ù§Ô∏è.,So ‚Ä¶ how was your night? https://t.co/tbJDYIQjXd,Starship SN1 tank preparing for Raptor attachment &amp; static fire https://t.co/jx0ijLrxWx,Rococo is alive &amp; living in our hearts,Woody https://t.co/0Di88Eoz2C,Battle Angel Starship https://t.co/CL4rvBB8mb,On a wall in Austin https://t.co/yDBt2tUJij,Model 3 achieves 350 mile actual range vs 310 EPA sticker in Consumer Reports testing https://t.co/5hqRhjP4bV,Science has gone too far https://t.co/Ky65Q3s3JX,üî≠ https://t.co/6HHgR0ZVp0,"High bay for stacking Starship engine bay, propellant tanks &amp; fairing (fka nosecone) sections is almost done! https://t.co/G9h0430ns2","Worth reading Asimov‚Äôs Foundation
https://t.co/OZfhcNNzyG",Rocket nosecone production in Texas https://t.co/KLWewja9Gn,"Tesla is ramping up Solar Roof installation across the USA! Training will be provided, so no prior experience needed. Apply at https://t.co/84BkZvuBn8",Tesla Model S estimated EPA range is now above 390 miles or ~630 km https://t.co/sNFzIkuJpC,Run a physics sim long enough &amp; you‚Äôll get intelligence,Only the heart senses beauty,üíò be still my beating heart üíò https://t.co/Fnly6DNLIC,Thanks Mom!!! ‚ù§Ô∏è @mayemusk https://t.co/eyMgV45ypT,Ok u can have a little emerald ü§πüèª‚Äç‚ôÇÔ∏è https://t.co/3LzPe4aG4B,"Tesla April company talk will be from our Giga New York factory, where we make SolarGlass &amp; several other products. Will also offer customer &amp; media tours.",Midsection of Starship propellant tanks https://t.co/Aa8yKPJEFS,"Mars is to Earth, as Terminus was to Trantor",Order at https://t.co/byFVU5nF9W https://t.co/4lD1mVHKy6,Back in Boca https://t.co/RjiWpW28PT,"My Mom wrote a book ‚ô•Ô∏è
https://t.co/EV0FoGLuzf https://t.co/qQMYSBNxpv","feeling cute, might delete later https://t.co/TtDJcr9Qiq","SpaceX started with a mariachi band party. Great vibes here in Boca Chica, Texas! https://t.co/LMfaB9kCKh",Late night tweets ‚Ä¶ sigh,New emoji! Last one comes with free phone hack. https://t.co/T3jjwZycog,"What if there was an AI programmed to want to pick as many strawberries as possible, and so it cultivated nothing but strawberries on all of Earth‚Äôs land? Then it would be Strawberry Fields Forever!",REALiTi made while u wait https://t.co/jWRPAEufs8,"All things in moderation, especially etymology",Essentially all quotes can be ascribed to Churchill,"No matter how many times u get hangry, you always think ur anger is real ‚Äî Plato",Guess he‚Äôs not left-handed https://t.co/RLlzOLqh8U,"8th hottest song on Soundcloud!!
https://t.co/5FJNJYc9kA https://t.co/PmoBYJL4in",Please send your resume to BuildStarship@spacex.com if you‚Äôre coming to the Starship career day in Boca Chica tomorrow,Starship Concerto in Zero G https://t.co/gkn05I1bvZ,Giga Texas?,"Starship career day at the Stargate building (Boca Chica Blvd, TX) this Thursday from 3pm to 9pm!",Going max hardcore on design/production Starship here in Boca. It‚Äôs awesome! Feels a bit like a Mars simulator.,üî•üî•üî•,"Nothing medically dangerous, but 5g is getting a bit too greedy with their spectrum land grab https://t.co/1NlQCbeyE5",Tesla will hold a super fun AI party/hackathon at my house with the Tesla AI/autopilot team in about four weeks. Invitations going out soon.,"‚ÄúAt Tesla, using AI to solve self-driving isn‚Äôt just icing on the cake, it the cake‚Äù - @lexfridman 

Join AI at Tesla! It reports directly to me &amp; we meet/email/text almost every day. My actions, not just words, show how critically I view (benign) AI.

https://t.co/iF97zvYZRz","Don‚Äôt Doubt ur Vibe now on Spotify
https://t.co/yyLgnF4d7q",Vibbbe https://t.co/21WKNOnMXZ,https://t.co/6lz3prQ2pF,"Don‚Äôt Doubt ur Vibe
https://t.co/5FJNJXUxW0",Hope you‚Äôre enjoying the simulation https://t.co/nj9JTJc4lL,Just wrote a song called ‚ÄúDon‚Äôt doubt yer vibe‚Äù,üï∫,A friend just sent me this excerpt from a Tesla blog I wrote 14 years ago https://t.co/Hr8w52ithY,Liquid nitrogen cryogenic strength test underway ‚òÉÔ∏è https://t.co/qRPBLInqm0,Chairs are underappreciated,The stars in Starship‚Äôs mirrored hull reflected,Starship 9m test tank made 7.5 bar at room temp! Small leak at a weld doubler. Will be repaired &amp; retested at cryo. https://t.co/Bz3lrwkYRU,"A Tesla works as a boat for short periods of time, as an electric car has no air intake or exhaust to block &amp; battery/motor/electronics are water-sealed. Submarines are just underwater EVs. 
https://t.co/1U63ZoVj3q https://t.co/KKfcUQGYnL",Meme necromancy https://t.co/8aPtXju7gF,https://t.co/sGnhzoThtK,Want to play The Witcher game on your Tesla? (you can already watch the show on Tesla Netflix theater),Improved Accommodations https://t.co/iRBK2yIfd7,"Dragon high altitude, supersonic abort test is a risky mission, as it‚Äôs pushing the envelope in so many ways",5 mins from liftoff https://t.co/5CHzQBfXrr,Meteor!! https://t.co/PyXbRZR013,"Dragon Spacecraft supersonic abort test coming up either tomorrow or Sunday, depending on weather @NASA @SpaceX",Hehehe https://t.co/bnlN7Vn6bl,Megatons per year to orbit are needed for life to become multiplanetary,"Starship orbital vehicle SN1, liquid oxygen header tank &amp; nosecone https://t.co/IaSEdIyZgP",Great song https://t.co/Zojlie0GG7,"T-shirt is bulletproof &amp; makes u buff!
https://t.co/wO0oAakclu https://t.co/8k1WvVO1sm",.@Space_Station https://t.co/1qD2qn0waJ,Teslas will soon talk to people if you want. This is real. https://t.co/8AJdERX5qa,Critical test launch before flying astronauts is green for Jan 18 https://t.co/r4mcuCfCil,We are trapped in a prison of fonts,üé∂ Toss a coin to ur Witcher üé∂,Phony https://t.co/w9nyOAxQus,Bitcoin is *not* my safe word,I put the art in fart,"‚ô•Ô∏è‚ô•Ô∏è Tesla China Team ‚ô•Ô∏è‚ô•Ô∏è
     Such amazing progress!!",At Tesla Giga Shanghai NSFW!! https://t.co/1yrPyzJQGZ,cgi irl https://t.co/lKI3MP81oi,Wikigenius https://t.co/P0jM14hGrc,Congratulations Tesla &amp; SpaceX on great 2019! You rock!! Looking forward to epic 2020 ‚ô•Ô∏èüöÄüõ∞üöò‚òÄÔ∏è,Carlos Gone,Rest in peace Syd Mead. Your art will endure.,Simulation of first crewed flight of Falcon 9 / Dragon 2020 @NASA https://t.co/BSDPYTcVIG,üòÆ https://t.co/JejV2rBFrf,"Build super safe, Earthquake-proof tunnels under cities to solve traffic",Was up all night with SpaceX team working on Starship tank dome production (most difficult part of primary structure). Dawn arrives ‚Ä¶ https://t.co/SzyDSYUYOu,"Turn on auto navigate feature &amp; car will activate traffic-based navigation to work, home or calendar, depending on context, as soon as you sit down. No input required at all.","Just swipe down on Tesla nav button for car to automatically navigate to home, work or destination in calendar",stock art https://t.co/HSWnwK68OV,Whoa ‚Ä¶ the stock is so high lol,"Just looked at my wiki for 1st time in years. It‚Äôs insane! Btw, can someone please delete ‚Äúinvestor‚Äù. I do basically zero investing.",The real reason for Looper was to travel back in time &amp; stop a terrible calamity ‚Äî the premiere of Cats!,Great show üêº https://t.co/12rguHHpgz,Holiday gift ideas https://t.co/uBBofvkYAI,"Tesla holiday software update has FSD sneak preview, Stardew Valley, Lost Backgammon &amp; a few other things",You don‚Äôt hear much about element 43,Tesla Moth Mode (better late than never) https://t.co/Rcu87A8NkO,"Never trust cynics, as they excuse their own bad deeds by telling themselves everyone does it",https://t.co/aAEFph9G6D,Baby Yoda üíï https://t.co/jpQvCccHb9,smol ‚à© puppy ‚à© math https://t.co/bmpUurYbPV,"If life is a video game, the graphics are great, but the plot is confusing &amp; the tutorial is way too long",Root of energy to mass ratio is max render speed of the simulation,Kids these days have no respect! https://t.co/lfJTJnqllQ,Huge thanks to everyone who contributed ideas to Cybertruck. It‚Äôs better because of you! ‚ô•Ô∏è‚ô•Ô∏è‚ô•Ô∏è,Speed solves everything https://t.co/DGYlfyInxi,"Super strong roof that generates clean energy, looks great &amp; costs less than a normal roof plus solar panels! https://t.co/D9yUuL7NVE https://t.co/Sv4JHaXcOx",Launching third flight of this Dragon spacecraft to @Space_Station tomorrow https://t.co/mTQ2DrWS97,"People often think they‚Äôre breathing oxygen, but are actually breathing nitrogen (78%) with a side serving of oxygen (21%) in argon sauce (1%), spiced up with CO2, H2O &amp; a dash of neon &amp; krypton (etc.)","Hydrogen is a light, odorless gas, which, given enough time, turns into people who will make this statement",Do you like our owl? https://t.co/4fNOEv3N5b,@ruttenpete @DeviantArt @TheBakaArts Just because he has a flamethrower and I have a flamethrower doesn‚Äôt mean ‚Ä¶ um ‚Ä¶ ok fine I‚Äôm Hank Scorpio,"This one is deep.
Happy Thanksgiving! https://t.co/2Dog5HBxjX",Bring it on https://t.co/pCnln1NdRO,200k,Cybertruck pulls F-150 uphill https://t.co/OfaqUkrDI3,"Cybertruck is our last product unveil for a while, but there will be some (mostly) unexpected technology announcements next year",‚öîÔ∏è Study the Blade!! ‚öîÔ∏è https://t.co/cvuW1TmcjI,"Reason Cybertruck is so planar is that you can‚Äôt stamp ultra-hard 30X steel, because it breaks the stamping press",Excellent review by Marques! https://t.co/RaXLl30FfF,"146k Cybertruck orders so far, with 42% choosing dual, 41% tri &amp; 17% single motor",@pewdiepie Gonna have some sick attachments,Riding in the Cybertruck https://t.co/A4ddKBkGMb,Franz throws steel ball at Cybertruck window right before launch. Guess we have some improvements to make before production haha. https://t.co/eB0o4tlPoz,üñ§üñ§üñ§ Syd Mead üñ§üñ§üñ§ https://t.co/8nbD5LrAQJ,"Better truck than an F-150, faster than a Porsche 911. Order Cybertruck online at https://t.co/hltT8dg2NO",Nobody *expects* the Cybertruck https://t.co/khhYNFaVKs,Cybertruck design influenced partly by The Spy Who Loved Me https://t.co/HKBzxFNfzm,Tesla Cybertruck (pressurized edition) will be official truck of Mars,Tonight https://t.co/pVAv4v1h8b,"National Science Foundation, u should add a W to ur name. Would get way more clicks. Ur welcome.",https://t.co/lvCnlztkPa,78% of people want to gentrify Mordor,Cybertruck unveil Thursday night https://t.co/AHBxaubdhO,Innovation comes in many ways https://t.co/3plylbd1eZ,Gentrify Mordor?,Congrats to Tesla team on Model 3 winning best midsize car in Germany! üá©üá™üá©üá™üá©üá™ https://t.co/4CDTf4c3eC,üñ§‚ô•Ô∏èüíõ GIGA BERLIN üíõ‚ô•Ô∏èüñ§,Starlink vertical on the pad https://t.co/WuiB1piKcK,141 MPGe! https://t.co/eb8b517Yvk,"Extremism is so fun! (@waitbutwhy)
https://t.co/ECACsaqAXR",Cybertruck unveil on Nov 21 in LA near SpaceX rocket factory,"Great work by SpaceX Dragon team &amp; Airborne! To be clear, we‚Äôve only done 1 multi-parachute test of Mk3 design, so 9 more left to reach 10 successful tests in a row. https://t.co/Q814zVoW4S","Tesla Solarglass vs üéÉ 
Happy Halloween!! https://t.co/p5tXeJYqne",Thank for helping grow sustainable energy through solar! https://t.co/zH08AMhVMj,‚ô•Ô∏è snacks ‚ô•Ô∏è https://t.co/LPcZyX607f,"Soon, SpaceX will launch @NASA astronauts to @Space_Station! https://t.co/wAy5MNqnEI",Just a reminder that the Tesla Full Self-Driving option goes up by $1000 at midnight on Nov 1 for all regions that have Smart Summon. Order your car online at https://t.co/7FlnbrMxOl.,For Treebeard,"If you‚Äôre directly affected by wildfire power outages, Tesla is reducing Solar+Powerwall prices by $1000 as of today","Apologies to those waiting for Solar/Powerwall outside California, as we are prioritizing those affected by wildfires","Homes with solar sell for 4.1% more, according to Zillow. Adding a Powerwall battery is highly likely to increase home value too imo, as security against blackouts is increasingly important. 
https://t.co/3y4M5L50qF",Tesla Solar plus Powerwall battery backup for 24/7 clean energy &amp; no blackouts at https://t.co/mDoPO17YB9,Took my son to play piano for the seniors home in Pasadena. It was lovely to see them smile ‚ô•Ô∏è,Sandwich time travel is the only explanation https://t.co/M8c98GBsDC,Physics facts https://t.co/Z2a6PzokJx,Tesla Solarglass roof https://t.co/7lw43mL92D,Srsly https://t.co/MWipMr84cD,"Maybe call Tesla solar roof tiles product Solarglass? Like Dragonglass, but solar!",üî•,Tesla Solar Tile Roof V3 launch tomorrow at 2pm,But actually ‚Ä¶ https://t.co/XJNjPHrq2A,"Tesla Q3 results:

- Shanghai Giga ahead of schedule
- Model Y ahead of schedule
- Solar installs +48% from Q2
- GAAP profitable
- Positive free cash flow",Sending this tweet through space via Starlink satellite üõ∞,"More carrot, less stick",Order Tesla Solar + Powerwall battery for 24/7 clean power &amp; no blackouts! https://t.co/mDoPO17YB9,Going offline for a few days,Tesla wins best headlights award ü•á https://t.co/SjvA931B3U https://t.co/8yfeJiXd0N,"So much respect for those doing high volume manufacturing. It‚Äôs insanely hard, but you make a real thing that people value. My hat is off to you ‚Ä¶",And the lead character is also named Woody https://t.co/ZxK84rB020,Haha https://t.co/hY3yDsrVqk,Ms. Chief &amp; Ms. Tree https://t.co/YgRFtq0tSc,Space Jam should‚Äôve won the Oscar https://t.co/E7l2DCAxDH,Is Space Jam good?,French fries üçü are the devil üòà https://t.co/AR3h57RPIA,"Now that Tesla V10.0 with Smart Summon is out, Full Self-Driving price will increase by $1000 on Nov 1",Get Tesla Solar plus Powerwall battery for 24/7 clean power &amp; no more blackouts! https://t.co/mDoPO17YB9,All Tesla Supercharger stations in regions affected by California power outages will have Tesla Powerpacks within next few weeks. Just waiting on permits.,https://t.co/BkKeiIzNPM,Tesla software V10.0 comes with karaoke üé§,A Shortfall of Gravitas,ü¶å,Why is there no emoji for dignity!!,the color orange is named after the fruit,Worth reading ‚ÄúHuman Compatible‚Äù by Stuart Russell (he‚Äôs great!) about future AI risks &amp; solutions https://t.co/ZCdvZrrcVf,@pewdiepie HƒÅhƒÅ,And that‚Äôs just the tip of the iceberg https://t.co/cgRKiDsdbK,"Given how quickly the world is shifting to electric vehicles, a gas/diesel vehicle bought today will probably have low resale value https://t.co/zmfOwk9wML","Customized horn &amp; movement sounds (coconuts being one, of course) coming to Teslas soon",Excited about launching @NASA asteroid defense mission! #Armageddon69 https://t.co/6Hz4CKOLwU,Rosetta by Vangelis is incredible https://t.co/MKqbsdVVsN,"Over 550,000 Tesla Smart Summon uses in first few days!",Inside Starship cargo bay. Header tanks mounted in tip of nosecone to offset engine weight at rear. https://t.co/EJSwqMCooA,"Rage, rage against the dying of the light https://t.co/aGRw4VowAQ",Starship will allow us to inhabit other worlds,Starship halves being joined https://t.co/7pdxfh8e81,"Summon is improving rapidly 
https://t.co/khgXDRnD2Z","Meanwhile, back in reality https://t.co/NrHHB9G81L",Three Raptors on a Starship https://t.co/UrRiD62EVk,Tesla V10.0 just started rolling out to all US Tesla owners with FSD option &amp; ‚Äúadvanced download‚Äù selected in vehicle software settings,"If advanced AI (beyond basic bots) hasn‚Äôt been applied to manipulate social media, it won‚Äôt be long before it is",Lifting lower section of Starship https://t.co/bfW17i469a,Some secrets are too dangerous to be free https://t.co/g547UdmiJ7,Just leaving SpaceX Starship build site in Boca https://t.co/Bqt40mSdX4,"Adding the rear moving fins to Starship Mk1 in Boca Chica, Texas https://t.co/HWLihqihph","Either way, sustainable energy wins!! https://t.co/13hB5hd2Hc",Electric is the future! Congratulations Daimler!! https://t.co/Zg2VSj4tjO,Told you AI was dangerous!! üî•üí£üí¶ https://t.co/BBTEYJP0Qz,Area 51 of Area 51 https://t.co/Du7i92sFaO,"Droid Junkyard, Tatooine https://t.co/yACFR9y04P",Joe Mode is the best mode https://t.co/UyvCSTEvNp,Thanks Tesla owners. You rock!! ‚ô•Ô∏è‚ô•Ô∏è https://t.co/ATUEfTKYQU,Good analysis. You can order commercial solar in literally 30 secs if you use Apple Pay at https://t.co/sCkn87vMa9. https://t.co/V1rNPM1Hdk,Tesla commercial solar ordering now live at https://t.co/sCkn87vMa9!,Model S at N√ºrburgring has 7 seats,The only thing beyond Ludicrous is Plaid,"Model S just set record for fastest 4 door ever at Laguna Seca, video tmrw",DMT FTW https://t.co/DgfQ2teLG2,Getting ready for flight of orbit-class Starship design https://t.co/CtXtq522ia,‚ô•Ô∏è‚ô•Ô∏èüáÆüá∏üáÆüá∏ √çsland üáÆüá∏üáÆüá∏‚ô•Ô∏è‚ô•Ô∏è https://t.co/p6eQKDlPUN,And flights of angels sing thee to thy rest https://t.co/Vh1L7hv2dW,Probability that we‚Äôre in base Polytopia is highly unlikely - KWM,Why aren‚Äôt more people talking about this!? https://t.co/iUFIBcDQrp,Hadouken!! https://t.co/gN915jdvsl,Tesla doing laps at Nerdburgering https://t.co/G7dYVS1Jpn,Model S on N√ºrburgring next week,"Um @Porsche, this word Turbo does not mean what you think it does","Try Tesla Insurance. Should be ~20% less than avg. Currently only in California, but expanding soon. Critical feedback much appreciated. https://t.co/L8xv8vxllj",Haha actually true https://t.co/VNB822fpPT,https://t.co/tndaPd6d8z https://t.co/G98dOzgWTv,"Also, u can order online at https://t.co/46TXqRJ3C1 in 2 mins, have car delivered to ur doorstep &amp; return for full refund https://t.co/OTAPpYMdcH",About to do next Starhopper flight test https://t.co/eeXPQPk7t6,Dragon Crew Arm. Astronauts will walk this gantry to enter Dragon &amp; depart for the @Space_Station. https://t.co/rKkUTeHson,Dronship with wings folded traveling through Panama Canal https://t.co/TawM5Ntj0e,About 5 mins from flight attempt https://t.co/CWkvsqDQYE,Starhopper flight currently tracking to 5pm Texas time for 150m / ~500ft hover test,Looks like @SpaceX Starhopper flight may be as soon as Monday. FAA support is much appreciated!,"If you‚Äôre a utility or public utilities commission, please consider using the Tesla Megapack. Better for the environment &amp; usually lower cost than fossil fuel peaker plants! https://t.co/Ls4IfB0d6a","Price increase for Tesla FSD postponed until version 10 with smart summon is in wide release, which is about 4 to 8 weeks away, depending on how early access goes",Might make sense to have thousands of solar reflector satellites üõ∞ to warm Mars vs artificial suns (tbd),Cookie decorating contest with kids https://t.co/tP06cr4Af5,"Great name! Wouldn‚Äôt worry about this particular one, but a big rock will hit Earth eventually &amp; we currently have no defense. https://t.co/XhY8uoNNax",Tesla Solar just relaunched. Lmk what you think ‚Ä¶ https://t.co/mDoPO17YB9,The sun is an immense thermonuclear explosion fyi,Hashtags are an abomination,Nuke Mars!,Corporate Surrealism‚Ñ¢Ô∏è,fyi https://t.co/6ZRMDvAS19,heh heh https://t.co/UbHul2wgjM,No but srsly don‚Äôt do it https://t.co/6kXAdGwWsC,Try playing Powerglide in your Tesla at volume 11 https://t.co/FCDc6wYvIr,"Watching a movie on Tesla V10.0 is great, in large part due to the sound system https://t.co/7Qh2iHEn8i",Gas cars are so last-century! https://t.co/jrfrXjbLeZ,Tesla software V10 is lookin real good! Releasing to early access list soon ‚Ä¶,Thanks George! https://t.co/ccWYz9FqhH,Rocket fairing falling from space (higher res) https://t.co/sa1j10qAWi,And @JayLeno really knows cars! https://t.co/QN3x0UzP4v,Rocket fairing falls from space &amp; is caught by Ms Tree boat https://t.co/nJv0Ry1iKk,Hoping to catch the fairing in a few mins https://t.co/JZSkfQnItX,Just left Starship Texas build site. Very proud of progress SpaceX team has made! Pics are of 9m dome rotation &amp; Starship airframe behind windbreak. https://t.co/1cmOzkPlkn,"Lyft/Uber/taxi drivers are expert Tesla advocates. Thanks for your support!!
 https://t.co/coIzNY5QOO",Teletub üêù https://t.co/Vj4xtIyQ5S,@senjam777 @baconmashwbs Workin on it. One of my boys maybe gonna make this here candy.,‚Äúam ‚Ä¶ üêù guity‚Äù üßê,A US üêù https://t.co/WEvAwY465n,"I ‚ô•Ô∏è Top Hat 
https://t.co/IcrlCErQWW",üêù all u can üêù,Fates loves irony https://t.co/T9sMcivKGK,Tesla Megapack now available for utility-scale energy storage https://t.co/MQMgMkFfNm,Falcon rocket reentry from space with double sonic booms https://t.co/6DDPjcOgQH,"Now that Hopper has flown, Starship update probably in two weeks or so.",Falcon 9 piercing the sound barrier on reentry https://t.co/pMkBaeHVqT,Tesla owners can schedule service appointments in under a minute just using their Tesla phone app!,"Ability to stream YouTube &amp; Netflix when car is stopped coming to your Tesla soon! Has an amazingly immersive, cinematic feel due to the comfy seats &amp; surround sound audio.",Encounter in 88 https://t.co/18ohUrtGQe,Starhopper flight successful. Water towers *can* fly haha!!,"Dr. Livingstone, I presume? https://t.co/aV8t3s6nIz",https://t.co/3DGSWBfQTq,Time to face reality https://t.co/WOzE2XwlQv,I am become meme,Dance Dance üêè https://t.co/K0M6MsySCe,Next year‚Äôs @Hyperloop competition will be in a 10km vacuum tunnel with a curve,https://t.co/FiJ0U2eNX5,Woohoo ü•≥ https://t.co/tZHmeBuLQ7,New @Hyperloop top speed of 463 km/h!! https://t.co/bMKHjaam3P,"Technically, alcohol is a solution",Starship Super Heavy with 35 Raptors,Made with rain ‚Ñ¢Ô∏è https://t.co/CJJ7BYzxcj,Tesla Service Centers &amp; Superchargers are being opened as fast as possible across Eastern Europe https://t.co/ytHC1OEXEb,Neuralink surprise twist! https://t.co/NdeFsHadm2,‚ô•Ô∏èüëΩ SpaceX has Area 59 üëΩ‚ô•Ô∏è https://t.co/h4YUL1Xx51,"‚ÄúIf you dislike change, you're going to dislike irrelevance even more.‚Äù ‚Äî Gen Shinseki",Cost of Tesla full self-driving option increasing by ~$1000 on August 16,Presentation streaming live from https://t.co/nrsYGNF65K at 8pm Pacific,To Infinity and Beyond! https://t.co/dgysTBqWfV,Raptor engine mounted on Starhopper. Aiming for hover test Tues.,"Motor Trend awards Tesla Model S best Car of the Year ever in their 70 year history!!
 https://t.co/TiMsQ3REvH","It‚Äôs Not a Flamethrower, Mr Escobar https://t.co/TXH02nixIc",The @Space_Station is moving at ~25 times the speed of sound &amp; orbits the Earth every 90 minutes https://t.co/PxZB9p8ccT,@iainmckenzie101 @AutonomousHoag @AutonobahnAI @AlexRoy144 @Tweetermeyer @valleyhack Sigh,"No, I‚Äôm not üòú https://t.co/EdZOr1fS3v","Listening to Revolutions by Duncan
https://t.co/zc9BGT8bNP

Found this on a throw pillow ‚Ä¶ https://t.co/COUXCF8fG4","Cat is out of the bag üßô‚Äç‚ôÇÔ∏è 
https://t.co/epUKm0a3gr",Model X as it should be shown https://t.co/lpog2ejWQK,What ants must feel like https://t.co/NSsBZXnEvp,@Vic82790698 @v_g_fischer @d0nahue27 Yeah,Rocket fairing returning from space https://t.co/kundXPeslm,Reason for top rating is that active steering &amp; braking safety features of Tesla Autopilot are turned on no cost for all cars https://t.co/HBKwAEbgc9,Congratulations Tesla team &amp; thanks to all the new Tesla owners!! ‚ô•Ô∏è‚ô•Ô∏è https://t.co/QczUAVazw5,Meme of recursive irony https://t.co/hlrfkd9yGy,"Yep, order online at https://t.co/46TXqRrsdr in 2 mins &amp; car delivered direct to home https://t.co/7ax8MwzBWx",Huge thanks to all Tesla supporters around the world helping the cause. We ‚ô•Ô∏è‚ô•Ô∏è‚ô•Ô∏è you!! https://t.co/WJqU03wrNH,Thanks for the happy birthday wishes! ‚ô•Ô∏è‚ô•Ô∏è,Typing Merlin literally just autocorrected me to merkin ü§£ü§£,Design &amp; production of The Spirit of St Louis was so incredible https://t.co/IkBliEcSae,Ms. Tree caught the Falcon fairing!!,"‚ô•Ô∏èüöÄ Apollo 11 üöÄ‚ô•Ô∏è
https://t.co/zJ68cEalNL https://t.co/jOemJIx87x",Falcon Heavy on LC-39A https://t.co/FsfFa7bRRK,@DatKlow Chomsky sucks,https://t.co/yUUSNdWMEw,Accelerating Starship development to build the Martian Technocracy,"Anywhere can be paradise as long as you have the will to live.
Êñ∞‰∏ñÁ¥Ä„Ç®„É¥„Ç°„É≥„Ç≤„É™„Ç™„É≥ https://t.co/bC2G5UYPzS",Stonk tip of the day https://t.co/tvPodcAtkK,Kids playing Beach Buggy in Tesla store https://t.co/palYq9rPzl,Reminder that US federal tax drops by $1875 for any Tesla delivered after June 30. Order online at https://t.co/46TXqRrsdr.,"Starting next month, Tesla will charge $1000 for color black (same price as silver)",Touched by an üòá https://t.co/LqPQ5Ff0PK,Model 3 arriving in UK https://t.co/0azvITNZTn,Falcon Rising https://t.co/XnXlTL8lhI,"Truth is a metaphorical concept with no footwear or clothing of anything kind. Also, baby don‚Äôt hurt me haha 
https://t.co/AKWsAqa3Ep https://t.co/bLBDQiqBTZ",Can‚Äôt fool me it was 1669 https://t.co/WRNyfi4dXw,"‚ÄúNot only was the paint without any discernible flaw, but the various panels formed a body of precision that was beyond reproach‚Äù
https://t.co/qISnFBiW9p",US tax credit of $3750 drops in half for Tesla on July 1. Order online in a few mins at https://t.co/46TXqRrsdr. Return in 7 days for full refund.,Tesla Solar Toof Tile V3.0 starting early trials https://t.co/ueqBOovxYM,@pewdiepie Haha,üß≤ is relativistic side effect of ‚ö°Ô∏è,"True, cost of operating a Tesla is much lower than other cars https://t.co/75HuaOMp8Y",Landing in the fog https://t.co/7S0xrzivvr,üíñüá≥üá¥ Norway üá≥üá¥üíñ https://t.co/Ia4qJ6AGJI,Upcoming Falcon Heavy üöÄ &amp; üõ∞ details https://t.co/ykiR8jZ7Tx,@BloodsportCap @Teslarati China EV subsidies mostly end this month &amp; fully end in about 7 months,"This is my pet bee, Eric https://t.co/pIjpXjLLEG",New Tesla Summon will üß® ur üß†,Found an old copy of @SignalApp https://t.co/VY357uSeBk,Model 3 Performance https://t.co/CONgjmwndY,"@1DarknessSoul5 @SpaceX Aiming for sub 20ms latency initially, sub 10ms over time, with much greater consistency than terrestrial links, as only ever a few hops to major data centers",Beautiful solar sail https://t.co/enhQ7jQoMt,‚ÄúStop sending me this √©tron‚Äù - Audi https://t.co/maschsi6HB,Great ad https://t.co/edwVp4UhPn,üí® &amp; üåå https://t.co/wWl7nEh98W,Boring Company guide to why tunnels are awesome &amp; safest place to be in an earthquake https://t.co/ZZIPQlscw1,Racing at 127mph in a tunnel under LA https://t.co/vi4FaTiJ6K,Launch in 3 mins https://t.co/QrA9Sufdm1,"New S &amp; X are much improved. Worth trying out. You‚Äôre on version 2, current S/X is version 4. https://t.co/tQ95zVobdW",Smart Summon coming soon! https://t.co/pxbceqqadS,Boring Company starts digging Vegas tunnel in 2 months. Aiming to finish by end of year. https://t.co/cSSO4SrpFq,üòâ,"Tesla does not advertise or pay for endorsements. Instead, we use that money to make the product great. https://t.co/SsrfOq1Xyc",Lots more games coming once we finish porting Unity! https://t.co/fRbk1r5YDM,This is why we put extra filters in all Tesla cars. S &amp; X even have hospital operating room grade HEPA filters. https://t.co/RFHfS97R8N,üòê https://t.co/n9aJXVfRtP,And I am forever grateful https://t.co/kU1pT8t0yv,"Starlink mission will be heaviest @SpaceX payload ever at 18.5 tons. If all goes well, each launch of 60 satellites will generate more power than Space Station &amp; deliver 1 terabit of bandwidth to Earth.",GoT season finale leaked https://t.co/wMoLFDSsbt,First 60 @SpaceX Starlink satellites loaded into Falcon fairing. Tight fit. https://t.co/gZq8gHg9uK,‚ô•Ô∏èu3k https://t.co/MxoXeoJRXW,Truth https://t.co/bTs6QMlPiz,By Spiderwee on Artstation https://t.co/wE3HOKeZSt,.@cgpgrey drives a Tesla across the loneliest road in America https://t.co/UAovEHY4SE,"Oh stop teasing, Jeff üòâ https://t.co/wuWPENcSE1",Turns out there‚Äôs more ways to use Autopilot than we imagined,"Model 3 Standard Range+ with Autopilot lease is $399/month at https://t.co/46TXqRrsdr, but lots of other EVs available: https://t.co/ePlZTmXcgG",Weird that people still buy gas cars when so many good electric options (beyond Tesla) are available https://t.co/gcylhzX6ah,Been wanting to go ever since that Finnish metal band won https://t.co/KksntCDsAw https://t.co/jWobnioBgN,New setting to receive Tesla software updates immediately https://t.co/f6PCr8OjXb,Dragon approaching Space Station https://t.co/S2p7o1G8Sx,"Space is easy, orbit is hard https://t.co/UUU2LieK4B","Order online in 2 mins, 7 day return policy https://t.co/46TXqRrsdr https://t.co/K1eyiY2qTX"
